,genre,track_count,index,track_popularity,danceability,energy,instrumentalness,liveness,speechiness,loudness,tempo,valence
dance_pop,dance pop,657,dance_pop,70.31963470319634,0.6999269406392694,0.7203987823439879,0.010812319923896498,0.17819467275494674,0.09862024353120243,-5.317409436834095,118.12849162861491,0.5972788432267884
pop,pop,1048,pop,73.94656488549619,0.6604122137404581,0.6883553435114503,0.00979312572519084,0.16988072519083966,0.08791202290076336,-5.604814885496182,119.87255820610687,0.5299243320610687
alternative_metal,alternative metal,76,alternative_metal,73.53947368421052,0.5215789473684209,0.8244605263157896,0.004594347368421054,0.19627500000000003,0.05052368421052631,-5.041421052631579,125.09173684210523,0.4897342105263159
modern_rock,modern rock,145,modern_rock,76.51724137931035,0.5474689655172414,0.7590413793103449,0.020961245586206895,0.18501034482758622,0.060381379310344825,-5.482641379310344,123.76428275862067,0.5094620689655174
pop_punk,pop punk,34,pop_punk,71.73529411764706,0.5476470588235294,0.8192058823529412,7.013617647058823e-05,0.20668235294117646,0.06666470588235293,-4.601852941176471,130.3170294117647,0.5697058823529413
punk,punk,11,punk,78.36363636363636,0.4715454545454545,0.7988181818181818,1.0389090909090909e-05,0.21078181818181818,0.05508181818181817,-5.097545454545455,151.12354545454548,0.6151818181818182
rock,rock,138,rock,76.3623188405797,0.5586304347826088,0.7830942028985508,0.021857158913043476,0.1940195652173913,0.06574927536231884,-5.26054347826087,124.65665942028984,0.5372304347826087
socal_pop_punk,socal pop punk,3,socal_pop_punk,80.66666666666667,0.46900000000000003,0.8426666666666667,2.0933333333333333e-06,0.2981666666666667,0.05253333333333333,-5.457333333333334,128.286,0.626
contemporary_country,contemporary country,37,contemporary_country,70.37837837837837,0.580864864864865,0.6655405405405407,1.1136756756756756e-05,0.1534891891891892,0.041924324324324316,-5.789891891891893,128.83905405405406,0.5235135135135136
country,country,38,country,69.42105263157895,0.5754210526315788,0.6621315789473684,1.0556842105263158e-05,0.1604131578947368,0.03998421052631579,-5.837763157894736,129.1721052631579,0.545842105263158
country_dawn,country dawn,12,country_dawn,67.08333333333333,0.56875,0.62975,2.478333333333333e-05,0.14945833333333333,0.03526666666666667,-6.486999999999999,126.89616666666667,0.4515833333333333
country_road,country road,33,country_road,69.39393939393939,0.569060606060606,0.6695454545454546,1.1683636363636363e-05,0.15613939393939394,0.04079393939393939,-5.860363636363636,129.07627272727274,0.5292424242424243
glam_metal,glam metal,2,glam_metal,76.5,0.49650000000000005,0.8795,9.105e-06,0.3145,0.0615,-4.6385000000000005,124.11350000000002,0.583
boy_band,boy band,58,boy_band,67.56896551724138,0.609051724137931,0.6872241379310345,2.3758793103448277e-05,0.14661896551724138,0.06587068965517241,-5.403931034482759,121.32477586206895,0.5635
contemporary_r&b,contemporary r&b,83,contemporary_r&b,65.87951807228916,0.7007349397590361,0.6378674698795181,0.0001674353012048193,0.14725301204819277,0.12809277108433736,-5.953722891566265,114.06651807228917,0.6037951807228916
dirty_south_rap,dirty south rap,106,dirty_south_rap,66.51886792452831,0.7504622641509433,0.6693962264150942,0.001308421320754717,0.1889679245283019,0.1808433962264151,-6.050566037735848,119.04543396226414,0.590227358490566
hip_pop,hip pop,146,hip_pop,66.66438356164383,0.7366369863013699,0.6768013698630138,0.014532668424657533,0.17280616438356164,0.155163698630137,-5.6817534246575345,114.82113698630135,0.6243397260273973
r&b,r&b,300,r&b,69.25333333333333,0.6952,0.6483599999999999,0.005278239333333333,0.172985,0.130361,-5.97971,114.85923666666667,0.558694
urban_contemporary,urban contemporary,279,urban_contemporary,68.85304659498208,0.7054802867383513,0.655931899641577,0.007149368136200717,0.17279964157706093,0.12690143369175627,-5.890254480286738,114.19929749103943,0.582473835125448
detroit_hip_hop,detroit hip hop,38,detroit_hip_hop,75.76315789473684,0.7482631578947369,0.7704473684210527,3.9986578947368426e-05,0.19053684210526314,0.21643947368421054,-4.344184210526315,117.48455263157894,0.5546105263157896
hip_hop,hip hop,353,hip_hop,72.56373937677054,0.7279915014164305,0.6743739376770538,0.004471594305949008,0.18448101983002835,0.18048923512747878,-5.825977337110482,118.38479603399433,0.5335393767705383
rap,rap,475,rap,73.40631578947368,0.7236884210526318,0.6685494736842105,0.003708051705263158,0.18295705263157896,0.17150168421052633,-5.8002863157894735,119.22820000000002,0.5218366315789473
dance_rock,dance rock,22,dance_rock,68.31818181818181,0.6009545454545454,0.7785,0.008246263636363637,0.2166181818181818,0.05558636363636364,-5.396954545454545,122.14268181818183,0.6624545454545454
europop,europop,37,europop,62.513513513513516,0.6654864864864866,0.7454864864864864,0.022086090000000003,0.17696486486486485,0.04735405405405406,-6.08454054054054,122.35059459459457,0.6762432432432433
girl_group,girl group,39,girl_group,65.51282051282051,0.7162820512820512,0.7258974358974359,0.006776510256410257,0.17689487179487182,0.10343076923076924,-4.969794871794872,113.51425641025642,0.6269230769230769
permanent_wave,permanent wave,72,permanent_wave,76.04166666666667,0.5260694444444445,0.7371527777777778,0.031012471805555553,0.185275,0.04856805555555556,-5.555208333333334,123.72681944444444,0.46167361111111105
nu_metal,nu metal,46,nu_metal,74.26086956521739,0.5436739130434782,0.8104782608695651,0.007539732173913043,0.1948173913043478,0.05133695652173913,-5.193347826086956,119.47358695652176,0.4591913043478261
post-grunge,post-grunge,81,post-grunge,72.28395061728395,0.5283333333333333,0.8142716049382717,0.004189793086419753,0.19742098765432098,0.049061728395061725,-5.045320987654321,126.49465432098765,0.5056888888888889
rap_metal,rap metal,16,rap_metal,77.875,0.5520625,0.834,0.0204563525,0.24134375,0.0649875,-4.99575,110.4333125,0.44958125
alternative_rock,alternative rock,33,alternative_rock,75.60606060606061,0.545121212121212,0.7929696969696971,0.034902683030303035,0.18456363636363637,0.06303333333333333,-5.411181818181818,120.89754545454547,0.5510303030303031
funk_metal,funk metal,18,funk_metal,76.94444444444444,0.5804444444444443,0.8372777777777778,0.019538449444444446,0.20767222222222223,0.05632777777777778,-4.611388888888889,104.5901111111111,0.6076277777777778
funk_rock,funk rock,7,funk_rock,80.28571428571429,0.5482857142857143,0.8631428571428572,0.004254012857142857,0.1695142857142857,0.05265714285714286,-4.220285714285714,104.96942857142857,0.5938571428571429
g_funk,g funk,21,g_funk,71.76190476190476,0.7628571428571428,0.7235238095238093,9.090285714285713e-05,0.14950952380952381,0.1717238095238095,-4.723904761904761,116.66280952380951,0.5276666666666667
gangster_rap,gangster rap,139,gangster_rap,69.59712230215827,0.7255035971223022,0.6976690647482015,0.00012230201438848923,0.18581438848920862,0.18252805755395685,-5.489165467625899,117.24219424460429,0.5710978417266187
west_coast_rap,west coast rap,40,west_coast_rap,72.875,0.76995,0.68065,6.756024999999999e-05,0.15921250000000003,0.18039,-5.34675,119.34412499999999,0.515875
pop_rap,pop rap,379,pop_rap,71.96569920844327,0.7212770448548813,0.685131926121372,0.0032345660949868074,0.19144063324538255,0.16770448548812664,-5.759588390501319,117.30906860158312,0.5613963060686016
pop_rock,pop rock,78,pop_rock,70.1025641025641,0.5773974358974361,0.7520256410256411,0.00029600064102564103,0.18983205128205127,0.04435384615384616,-5.280448717948718,119.18320512820515,0.5485846153846154
disco_house,disco house,9,disco_house,69.0,0.7622222222222221,0.8633333333333333,0.07510324444444444,0.1275111111111111,0.08355555555555555,-5.115777777777778,126.04133333333334,0.7312222222222222
filter_house,filter house,13,filter_house,75.46153846153847,0.7359230769230769,0.7489999999999999,0.004545982307692308,0.17685384615384614,0.11506923076923077,-6.185615384615384,130.60515384615385,0.6832307692307693
eurodance,eurodance,22,eurodance,66.77272727272727,0.6639090909090908,0.8833636363636362,0.14386926363636368,0.19477727272727277,0.06844545454545455,-6.517090909090911,135.94581818181817,0.6131363636363637
blues_rock,blues rock,5,blues_rock,68.0,0.64,0.7428,0.024032599999999998,0.15432,0.07544000000000001,-5.308400000000001,127.47359999999999,0.6024
classic_rock,classic rock,7,classic_rock,67.71428571428571,0.5641428571428571,0.6868571428571429,0.00031175714285714285,0.15051428571428568,0.06621428571428571,-5.547714285714286,140.21200000000002,0.5695714285714286
mexican_classic_rock,mexican classic rock,4,mexican_classic_rock,63.5,0.61425,0.817,0.00054075,0.10865,0.077225,-4.68375,128.44299999999998,0.6835
italo_dance,italo dance,4,italo_dance,71.0,0.70425,0.8702500000000001,0.08690775,0.27337500000000003,0.061200000000000004,-6.5794999999999995,130.48024999999998,0.67275
east_coast_hip_hop,east coast hip hop,74,east_coast_hip_hop,67.95945945945945,0.7297702702702703,0.7299189189189189,0.0002494345945945946,0.19119594594594594,0.22308108108108107,-5.138256756756757,109.5780945945946,0.6272702702702703
hardcore_hip_hop,hardcore hip hop,24,hardcore_hip_hop,67.375,0.7320833333333333,0.741,4.684958333333333e-05,0.19571666666666668,0.22456666666666666,-4.742041666666666,109.70879166666667,0.6134583333333333
british_soul,british soul,41,british_soul,71.21951219512195,0.5790731707317074,0.6267073170731707,0.006197610487804879,0.14935365853658536,0.048031707317073166,-6.853341463414633,115.87770731707315,0.5154926829268293
talent_show,talent show,80,talent_show,67.325,0.6271000000000001,0.7214875000000001,0.001382961375,0.15711000000000003,0.04715125,-5.4012,118.96129999999998,0.5662812500000001
finnish_edm,finnish edm,1,finnish_edm,72.0,0.528,0.965,0.985,0.0797,0.0465,-7.984,136.065,0.587
celtic_rock,celtic rock,6,celtic_rock,69.33333333333333,0.5248333333333334,0.7549999999999999,1.1333333333333334e-05,0.13826666666666668,0.0394,-5.091666666666668,124.41516666666668,0.5321666666666667
st_louis_rap,st louis rap,12,st_louis_rap,68.5,0.7316666666666666,0.6359166666666668,1.4188333333333333e-05,0.16195,0.14907499999999999,-6.838583333333332,127.72841666666666,0.6570833333333334
adult_standards,adult standards,6,adult_standards,70.83333333333333,0.6591666666666667,0.6835000000000001,5.588333333333335e-06,0.13336666666666666,0.03353333333333333,-5.407333333333334,127.68516666666666,0.6811666666666666
british_invasion,british invasion,1,british_invasion,68.0,0.801,0.876,1.38e-05,0.104,0.0446,-3.94,122.979,0.932
deep_house,deep house,5,deep_house,72.2,0.7356,0.764,0.002024246,0.20242,0.08227999999999999,-6.3870000000000005,123.3142,0.7084000000000001
vocal_house,vocal house,7,vocal_house,65.57142857142857,0.7407142857142857,0.8745714285714286,0.09499645714285712,0.1644142857142857,0.08159999999999999,-5.9275714285714285,125.1752857142857,0.6952857142857143
bahamian_pop,bahamian pop,1,bahamian_pop,68.0,0.869,0.887,0.0,0.148,0.0993,-4.505,129.221,0.784
irish_rock,irish rock,8,irish_rock,70.75,0.5225,0.75625,0.0635854875,0.153525,0.0435,-4.747,129.24124999999998,0.428875
nan,nan,9,nan,63.888888888888886,0.6754444444444445,0.7983333333333333,0.09532603888888888,0.14366666666666666,0.048277777777777774,-5.712,125.82900000000001,0.49666666666666665
grunge,grunge,2,grunge,72.5,0.5775,0.6719999999999999,0.0001105,0.13885,0.0287,-6.7595,103.4175,0.399
industrial_metal,industrial metal,2,industrial_metal,63.5,0.589,0.863,0.000114175,0.23299999999999998,0.0694,-6.221,120.50200000000001,0.39649999999999996
gospel,gospel,1,gospel,64.0,0.779,0.834,0.0,0.0886,0.162,-2.773,100.46,0.8
gospel_r&b,gospel r&b,1,gospel_r&b,64.0,0.779,0.834,0.0,0.0886,0.162,-2.773,100.46,0.8
neo_mellow,neo mellow,91,neo_mellow,70.46153846153847,0.5660439560439561,0.6552912087912088,0.0030694374725274724,0.17468021978021978,0.04434835164835165,-6.537164835164835,119.78725274725277,0.48244505494505496
canadian_pop,canadian pop,137,canadian_pop,77.26277372262774,0.6565328467153284,0.6668941605839416,0.006665881751824819,0.16748686131386864,0.1099014598540146,-6.05287591240876,124.82789051094889,0.495531386861314
bubblegum_dance,bubblegum dance,3,bubblegum_dance,60.666666666666664,0.709,0.86,0.0036799999999999997,0.17149999999999999,0.0351,-5.448333333333333,123.49399999999999,0.7783333333333333
latin_pop,latin pop,29,latin_pop,72.79310344827586,0.7294137931034483,0.7698275862068966,0.001474476896551724,0.15938275862068965,0.09563793103448276,-4.818620689655171,130.23910344827584,0.6776551724137931
mexican_pop,mexican pop,12,mexican_pop,67.33333333333333,0.7055000000000001,0.8355833333333332,0.00020335583333333334,0.158125,0.06303333333333333,-4.2789166666666665,113.90258333333334,0.7213333333333334
puerto_rican_pop,puerto rican pop,15,puerto_rican_pop,75.53333333333333,0.7588000000000001,0.7712666666666668,0.00026408333333333335,0.15743333333333337,0.14235333333333333,-4.4594,116.84406666666668,0.67
classic_schlager,classic schlager,1,classic_schlager,59.0,0.666,0.968,0.0,0.347,0.046,-3.196,135.099,0.834
oktoberfest,oktoberfest,1,oktoberfest,59.0,0.666,0.968,0.0,0.347,0.046,-3.196,135.099,0.834
schlager,schlager,1,schlager,59.0,0.666,0.968,0.0,0.347,0.046,-3.196,135.099,0.834
new_wave_pop,new wave pop,11,new_wave_pop,63.90909090909091,0.6741818181818181,0.6575454545454544,0.08764536818181817,0.1174818181818182,0.03697272727272727,-6.819181818181819,128.8039090909091,0.7002727272727273
italian_adult_pop,italian adult pop,1,italian_adult_pop,59.0,0.745,0.958,0.324,0.533,0.0287,-9.664,129.962,0.96
slap_house,slap house,23,slap_house,77.08695652173913,0.7683043478260869,0.6635652173913043,0.015297546086956524,0.15446521739130437,0.0985434782608696,-5.856130434782608,127.97234782608692,0.45232608695652166
atl_hip_hop,atl hip hop,135,atl_hip_hop,71.4888888888889,0.7390222222222222,0.6521333333333335,0.0037175843703703697,0.17678222222222223,0.1639437037037037,-5.8366,121.582362962963,0.5320577777777777
afrofuturism,afrofuturism,5,afrofuturism,71.6,0.6058,0.6118,5.7799999999999995e-05,0.10344,0.05461999999999999,-6.590000000000001,124.25720000000001,0.5149999999999999
alternative_r&b,alternative r&b,7,alternative_r&b,70.42857142857143,0.6675714285714286,0.6167142857142858,3.497142857142857e-05,0.14677142857142855,0.14871428571428572,-5.815142857142858,116.37171428571426,0.4645714285714286
neo_soul,neo soul,64,neo_soul,68.578125,0.66628125,0.629828125,0.015113132500000001,0.16231406250000002,0.1306875,-6.915906250000001,113.3043125,0.5658906250000001
crunk,crunk,34,crunk,66.3529411764706,0.7905000000000001,0.6370294117647058,0.0038379555882352943,0.16640882352941178,0.1924176470588235,-6.251705882352941,113.53511764705884,0.5929558823529412
new_orleans_rap,new orleans rap,28,new_orleans_rap,69.0,0.6690357142857143,0.6821071428571429,0.0002269742857142857,0.2199035714285714,0.19497142857142857,-5.5951071428571435,128.8469642857143,0.5544857142857144
modern_salsa,modern salsa,1,modern_salsa,58.0,0.578,0.894,2.66e-06,0.216,0.0296,-5.42,165.98,0.741
salsa,salsa,1,salsa,58.0,0.578,0.894,2.66e-06,0.216,0.0296,-5.42,165.98,0.741
tropical,tropical,1,tropical,58.0,0.578,0.894,2.66e-06,0.216,0.0296,-5.42,165.98,0.741
minneapolis_sound,minneapolis sound,1,minneapolis_sound,57.0,0.829,0.652,0.0,0.0812,0.108,-8.693,99.581,0.726
new_jack_swing,new jack swing,6,new_jack_swing,59.833333333333336,0.7158333333333333,0.5316666666666666,0.0003105516666666667,0.11053333333333332,0.07731666666666667,-9.047833333333335,114.41716666666667,0.5741666666666666
british_alternative_rock,british alternative rock,1,british_alternative_rock,56.0,0.632,0.856,0.0,0.35,0.0358,-3.453,119.404,0.843
trance,trance,6,trance,68.16666666666667,0.672,0.7755,0.08739231666666668,0.10561666666666668,0.06938333333333334,-5.8503333333333325,124.49016666666667,0.42183333333333334
canadian_singer-songwriter,canadian singer-songwriter,2,canadian_singer-songwriter,58.5,0.5785,0.77,0.252001415,0.29395,0.0359,-7.531499999999999,115.9845,0.525
classic_canadian_rock,classic canadian rock,1,classic_canadian_rock,56.0,0.644,0.72,0.504,0.0839,0.0419,-9.635,132.017,0.53
heartland_rock,heartland rock,1,heartland_rock,56.0,0.644,0.72,0.504,0.0839,0.0419,-9.635,132.017,0.53
mellow_gold,mellow gold,5,mellow_gold,70.8,0.6759999999999999,0.6007999999999999,0.10080881800000001,0.15358,0.04018,-6.755,122.68379999999999,0.5862
soft_rock,soft rock,4,soft_rock,58.75,0.6035,0.67275,0.1835,0.2392,0.040525,-7.542000000000001,108.3415,0.601
sophisti-pop,sophisti-pop,3,sophisti-pop,59.666666666666664,0.59,0.6569999999999999,0.07666666666666667,0.29096666666666665,0.04006666666666667,-6.844333333333334,100.44966666666666,0.6246666666666667
moroccan_pop,moroccan pop,1,moroccan_pop,56.0,0.577,0.654,0.0,0.114,0.0321,-7.9,111.993,0.13
rai,rai,1,rai,56.0,0.577,0.654,0.0,0.114,0.0321,-7.9,111.993,0.13
reggae_maghreb,reggae maghreb,1,reggae_maghreb,56.0,0.577,0.654,0.0,0.114,0.0321,-7.9,111.993,0.13
reggae_fusion,reggae fusion,10,reggae_fusion,71.4,0.6905000000000001,0.7765000000000001,2.2427e-05,0.19771999999999998,0.08112,-4.5715,112.27440000000001,0.7171
lilith,lilith,14,lilith,68.28571428571429,0.6328571428571428,0.7404285714285714,0.0002454207142857143,0.18662142857142855,0.053857142857142874,-5.727857142857141,106.71821428571427,0.6122857142857142
australian_dance,australian dance,17,australian_dance,70.41176470588235,0.5891764705882352,0.7406470588235293,0.10082084999999999,0.10865294117647059,0.07492941176470588,-5.4676470588235295,131.9039411764706,0.5324176470588236
australian_pop,australian pop,23,australian_pop,70.21739130434783,0.6111739130434782,0.7074347826086955,0.08537912260869565,0.1257086956521739,0.1002304347826087,-5.873217391304348,127.78986956521739,0.49996086956521735
southern_hip_hop,southern hip hop,184,southern_hip_hop,69.89673913043478,0.7272282608695653,0.6730217391304348,0.0024624592391304344,0.1907711956521739,0.17600326086956522,-5.821141304347826,117.18188586956522,0.5543027173913043
trap_queen,trap queen,17,trap_queen,67.88235294117646,0.8206470588235294,0.7181176470588234,0.00011614647058823529,0.1864705882352941,0.18897647058823527,-5.042294117647058,109.03000000000002,0.5986470588235294
canadian_latin,canadian latin,6,canadian_latin,77.66666666666667,0.7771666666666666,0.7706666666666667,0.00039726499999999994,0.1758666666666667,0.07080000000000002,-5.412499999999999,124.08133333333332,0.757
colombian_pop,colombian pop,18,colombian_pop,81.38888888888889,0.7663888888888889,0.6825555555555556,0.0022763816666666664,0.14765,0.0950888888888889,-5.676555555555556,118.21188888888888,0.6414444444444444
emo,emo,9,emo,80.0,0.476,0.8859999999999999,1.2591111111111111e-05,0.1610111111111111,0.0769,-4.101333333333333,147.77955555555556,0.5712222222222222
modern_power_pop,modern power pop,3,modern_power_pop,79.0,0.6633333333333334,0.8273333333333334,0.0008366666666666667,0.18366666666666667,0.051333333333333335,-5.149666666666666,121.55966666666666,0.7683333333333334
neon_pop_punk,neon pop punk,20,neon_pop_punk,69.1,0.5588,0.8042,8.72945e-05,0.22014500000000004,0.05609000000000001,-4.5951,128.40859999999998,0.5640000000000001
canadian_rock,canadian rock,13,canadian_rock,72.07692307692308,0.5152307692307693,0.8621538461538462,0.00016014615384615384,0.17201538461538463,0.039099999999999996,-4.560384615384614,135.81192307692308,0.541923076923077
old_school_atlanta_hip_hop,old school atlanta hip hop,35,old_school_atlanta_hip_hop,67.34285714285714,0.7572000000000001,0.6839999999999999,0.0037504457142857146,0.16203142857142855,0.20580571428571426,-6.070428571428572,116.08777142857143,0.5329
electro,electro,8,electro,80.5,0.68975,0.739125,0.00014877249999999999,0.15576250000000003,0.1438375,-6.465999999999999,131.675875,0.5427500000000001
barbadian_pop,barbadian pop,41,barbadian_pop,77.02439024390245,0.6524390243902439,0.6917560975609757,0.0070122668292682926,0.13955121951219512,0.10040731707317073,-5.2999024390243905,123.57363414634148,0.5333414634146342
canadian_pop_punk,canadian pop punk,2,canadian_pop_punk,76.5,0.485,0.879,0.0,0.06285,0.09625,-5.545,156.2755,0.696
canadian_punk,canadian punk,2,canadian_punk,76.5,0.485,0.879,0.0,0.06285,0.09625,-5.545,156.2755,0.696
philly_rap,philly rap,9,philly_rap,70.77777777777777,0.798,0.7042222222222223,2.711111111111111e-06,0.13124444444444444,0.1444,-4.930555555555555,103.582,0.5634444444444444
singer-songwriter,singer-songwriter,12,singer-songwriter,68.58333333333333,0.6034166666666667,0.63175,0.008290739166666667,0.22283333333333333,0.03565833333333334,-7.172416666666667,124.40883333333333,0.5615
south_carolina_hip_hop,south carolina hip hop,18,south_carolina_hip_hop,73.33333333333333,0.7055,0.6648333333333333,3.413888888888889e-06,0.16042777777777775,0.08808333333333333,-5.224388888888888,117.52738888888888,0.6007777777777776
rap_rock,rap rock,7,rap_rock,66.28571428571429,0.6084285714285713,0.854,0.0022206957142857143,0.2055,0.08754285714285714,-4.936571428571428,105.98985714285713,0.5287142857142857
celtic,celtic,2,celtic,70.5,0.6255,0.382,0.33128,0.114,0.038149999999999996,-9.372,89.905,0.3065
middle_earth,middle earth,2,middle_earth,70.5,0.6255,0.382,0.33128,0.114,0.038149999999999996,-9.372,89.905,0.3065
operatic_pop,operatic pop,2,operatic_pop,70.5,0.6255,0.382,0.33128,0.114,0.038149999999999996,-9.372,89.905,0.3065
virginia_hip_hop,virginia hip hop,11,virginia_hip_hop,67.0,0.7760909090909092,0.658090909090909,0.011230451818181818,0.1404,0.26532727272727274,-7.317090909090909,122.329,0.6682727272727272
alternative_hip_hop,alternative hip hop,5,alternative_hip_hop,72.8,0.751,0.7263999999999999,0.017846264,0.22532000000000002,0.17244,-6.5042,138.28799999999998,0.7098000000000001
soul,soul,3,soul,70.0,0.83,0.5499999999999999,7.656333333333334e-05,0.15456666666666666,0.1414,-6.676333333333333,97.016,0.7936666666666667
britpop,britpop,7,britpop,65.28571428571429,0.43842857142857145,0.7528571428571429,0.022711871428571426,0.10567142857142856,0.038028571428571425,-4.989571428571429,140.59814285714288,0.3083571428571429
piano_rock,piano rock,28,piano_rock,73.35714285714286,0.5606428571428571,0.7135357142857144,3.732535714285714e-05,0.16181785714285715,0.058871428571428575,-5.283535714285714,124.60385714285715,0.4599107142857143
belgian_dance,belgian dance,1,belgian_dance,69.0,0.644,0.981,9.67e-05,0.11,0.0439,-6.644,140.012,0.379
belgian_pop,belgian pop,2,belgian_pop,74.5,0.7175,0.7855,0.00106335,0.0875,0.0616,-7.925,129.98149999999998,0.5465
garage_rock,garage rock,18,garage_rock,72.94444444444444,0.5485000000000001,0.7457222222222222,0.06795143888888887,0.1502611111111111,0.0717388888888889,-5.4478888888888894,119.85266666666666,0.5912222222222222
comedy_rap,comedy rap,1,comedy_rap,69.0,0.802,0.341,0.0,0.0783,0.488,-8.56,166.01,0.849
queens_hip_hop,queens hip hop,43,queens_hip_hop,69.02325581395348,0.7324883720930232,0.7266976744186046,0.00017181302325581396,0.18680232558139537,0.20253488372093026,-5.094093023255814,106.18686046511628,0.6203255813953489
candy_pop,candy pop,26,candy_pop,70.38461538461539,0.5627692307692308,0.7893076923076924,0.0017696923076923074,0.18263076923076924,0.07033846153846154,-4.341884615384616,132.53080769230766,0.5504615384615386
album_rock,album rock,1,album_rock,65.0,0.518,0.866,1.93e-05,0.246,0.0509,-4.476,117.983,0.671
hard_rock,hard rock,4,hard_rock,69.5,0.5527500000000001,0.8075,7.84e-06,0.228925,0.065975,-4.89175,124.02125,0.58
classic_house,classic house,2,classic_house,65.5,0.558,0.8275,0.11783500000000001,0.0469,0.15489999999999998,-8.303,128.3055,0.7195
miami_hip_hop,miami hip hop,45,miami_hip_hop,74.4,0.7144444444444444,0.7467333333333334,0.00037766666666666667,0.20354444444444444,0.10240444444444442,-5.138733333333334,120.88793333333332,0.6260222222222223
vocal_trance,vocal trance,1,vocal_trance,59.0,0.661,0.855,0.0185,0.199,0.0377,-8.403,123.943,0.601
classic_soul,classic soul,1,classic_soul,59.0,0.897,0.466,1.35e-06,0.0757,0.203,-9.053,100.01,0.884
motown,motown,1,motown,59.0,0.897,0.466,1.35e-06,0.0757,0.203,-9.053,100.01,0.884
northern_soul,northern soul,1,northern_soul,59.0,0.897,0.466,1.35e-06,0.0757,0.203,-9.053,100.01,0.884
quiet_storm,quiet storm,2,quiet_storm,61.0,0.73,0.43400000000000005,1.7100000000000001e-06,0.08215,0.13490000000000002,-9.7745,107.78550000000001,0.542
trap,trap,210,trap,71.81428571428572,0.7274285714285714,0.6530333333333334,0.002214428761904762,0.1869733333333333,0.16366523809523806,-5.940147619047619,120.04393333333334,0.5185985714285715
alternative_dance,alternative dance,7,alternative_dance,68.28571428571429,0.6641428571428571,0.8328571428571429,0.0039019971428571436,0.22345714285714283,0.046099999999999995,-3.809142857142857,122.77142857142859,0.6801428571428572
big_beat,big beat,5,big_beat,61.4,0.6482,0.8423999999999999,0.070798,0.19044,0.09281999999999999,-5.437800000000001,122.67640000000002,0.6454000000000001
electronica,electronica,2,electronica,60.5,0.7235,0.778,0.01166,0.2495,0.0619,-3.919,115.424,0.604
post-teen_pop,post-teen pop,86,post-teen_pop,71.09302325581395,0.6500116279069768,0.7162558139534884,0.0049931206976744184,0.15898604651162793,0.07015581395348837,-5.1823837209302335,118.1125,0.5552651162790698
dancehall,dancehall,16,dancehall,69.9375,0.747375,0.7325,1.6595e-05,0.14338125,0.1396,-4.871,105.1975,0.7119375
dancehall_queen,dancehall queen,2,dancehall_queen,68.0,0.747,0.6985,6.75e-07,0.2535,0.12009999999999998,-5.1035,112.60300000000001,0.7975
bronx_hip_hop,bronx hip hop,3,bronx_hip_hop,70.0,0.7873333333333333,0.7733333333333333,7.3e-06,0.08893333333333332,0.22393333333333332,-4.493666666666666,112.85200000000002,0.7936666666666666
contemporary_vocal_jazz,contemporary vocal jazz,1,contemporary_vocal_jazz,78.0,0.745,0.219,1.8e-05,0.0678,0.0276,-11.216,88.609,0.635
jazz_pop,jazz pop,6,jazz_pop,72.5,0.6498333333333334,0.574,6.288333333333333e-06,0.12733333333333333,0.0307,-6.62,121.95683333333334,0.6316666666666667
vocal_jazz,vocal jazz,1,vocal_jazz,78.0,0.745,0.219,1.8e-05,0.0678,0.0276,-11.216,88.609,0.635
hollywood,hollywood,5,hollywood,76.2,0.5740000000000001,0.5656000000000001,0.010901124,0.1439,0.0462,-7.9524,124.38340000000001,0.41100000000000003
new_jersey_rap,new jersey rap,4,new_jersey_rap,77.5,0.6355,0.80525,1.1675e-05,0.35285,0.2205,-4.49225,133.54075,0.5265
wu_fam,wu fam,1,wu_fam,70.0,0.64,0.889,0.0,0.339,0.322,-3.073,99.931,0.436
battle_rap,battle rap,3,battle_rap,63.666666666666664,0.7896666666666666,0.7343333333333334,2.2466666666666666e-06,0.18883333333333333,0.25533333333333336,-5.367333333333334,91.127,0.9056666666666665
harlem_hip_hop,harlem hip hop,3,harlem_hip_hop,69.33333333333333,0.7916666666666666,0.641,9.9e-07,0.29933333333333334,0.223,-5.789666666666666,91.45433333333334,0.6609999999999999
nyc_rap,nyc rap,11,nyc_rap,70.63636363636364,0.7407272727272727,0.6488181818181817,0.0006341936363636363,0.1591,0.21302727272727273,-6.190727272727273,112.0860909090909,0.5842727272727273
beatlesque,beatlesque,2,beatlesque,63.5,0.368,0.595,0.00125598,0.118,0.029150000000000002,-5.319,148.063,0.11975
madchester,madchester,2,madchester,63.5,0.368,0.595,0.00125598,0.118,0.029150000000000002,-5.319,148.063,0.11975
german_techno,german techno,9,german_techno,72.22222222222223,0.6291111111111112,0.7794444444444444,0.010384044444444443,0.21362222222222227,0.049,-4.967333333333333,127.89488888888887,0.43277777777777776
hamburg_electronic,hamburg electronic,2,hamburg_electronic,65.0,0.517,0.9215,0.0467,0.3305,0.03715,-6.7669999999999995,143.5155,0.2985
happy_hardcore,happy hardcore,2,happy_hardcore,65.0,0.517,0.9215,0.0467,0.3305,0.03715,-6.7669999999999995,143.5155,0.2985
dutch_pop,dutch pop,2,dutch_pop,66.0,0.5085,0.6739999999999999,0.0013830000000000001,0.177,0.045649999999999996,-7.464499999999999,104.9545,0.434
dutch_rock,dutch rock,1,dutch_rock,65.0,0.571,0.953,0.000606,0.226,0.0548,-5.601,137.965,0.601
industrial,industrial,1,industrial,62.0,0.637,0.95,7.35e-06,0.288,0.109,-4.4,142.018,0.511
industrial_rock,industrial rock,1,industrial_rock,62.0,0.637,0.95,7.35e-06,0.288,0.109,-4.4,142.018,0.511
welsh_rock,welsh rock,2,welsh_rock,66.0,0.41700000000000004,0.8280000000000001,0.0037315,0.13005,0.049350000000000005,-3.717,140.81650000000002,0.2575
jamaican_hip_hop,jamaican hip hop,1,jamaican_hip_hop,59.0,0.705,0.872,0.0,0.227,0.126,-3.557,93.628,0.75
rock-and-roll,rock-and-roll,1,rock-and-roll,57.0,0.597,0.97,0.205,0.133,0.0502,-5.972,114.999,0.717
rockabilly,rockabilly,1,rockabilly,57.0,0.597,0.97,0.205,0.133,0.0502,-5.972,114.999,0.717
soundtrack,soundtrack,2,soundtrack,63.5,0.4705,0.51425,0.102681,0.118,0.04375,-11.592,144.574,0.52
conscious_hip_hop,conscious hip hop,32,conscious_hip_hop,73.46875,0.7056874999999999,0.6706875000000001,3.6157187499999996e-05,0.1998875,0.204490625,-5.957,123.785125,0.488040625
political_hip_hop,political hip hop,6,political_hip_hop,67.5,0.634,0.8628333333333332,2.2e-07,0.18163333333333334,0.2567833333333333,-4.624833333333333,133.4185,0.6421666666666667
golden_age_hip_hop,golden age hip hop,4,golden_age_hip_hop,54.5,0.7495,0.71825,7.8025e-06,0.139825,0.1371,-5.2245,90.52175,0.59175
old_school_hip_hop,old school hip hop,3,old_school_hip_hop,56.333333333333336,0.6973333333333334,0.7496666666666667,8.333333333333334e-06,0.16616666666666666,0.12313333333333332,-5.114,92.69266666666665,0.5306666666666667
detroit_rock,detroit rock,1,detroit_rock,86.0,0.743,0.446,0.118,0.337,0.0683,-7.807,123.596,0.278
modern_blues_rock,modern blues rock,3,modern_blues_rock,72.0,0.6266666666666666,0.6483333333333333,0.04238666666666666,0.16753333333333334,0.0911,-5.0840000000000005,129.09333333333333,0.4203333333333334
punk_blues,punk blues,3,punk_blues,78.66666666666667,0.6163333333333333,0.6393333333333333,0.03947966666666666,0.26940000000000003,0.06816666666666667,-6.845666666666667,119.16433333333333,0.4976666666666667
supergroup,supergroup,2,supergroup,68.0,0.5695,0.573,0.00458,0.10385,0.0738,-5.02,115.77250000000001,0.5265
canadian_metal,canadian metal,1,canadian_metal,77.0,0.498,0.83,0.0,0.139,0.0421,-5.157,89.342,0.453
lounge,lounge,5,lounge,71.4,0.6308,0.6449999999999999,3.946e-06,0.13923999999999997,0.03132,-5.700799999999999,128.62640000000002,0.631
chicano_rap,chicano rap,3,chicano_rap,69.33333333333333,0.7416666666666667,0.6293333333333333,5.62e-06,0.09006666666666667,0.21366666666666667,-3.4986666666666664,88.22533333333332,0.6103333333333333
latin_hip_hop,latin hip hop,16,latin_hip_hop,75.25,0.7269375,0.75725,0.000113623125,0.13414375,0.14645,-4.0979375000000005,118.93493749999999,0.7090624999999999
texas_latin_rap,texas latin rap,3,texas_latin_rap,69.33333333333333,0.7416666666666667,0.6293333333333333,5.62e-06,0.09006666666666667,0.21366666666666667,-3.4986666666666664,88.22533333333332,0.6103333333333333
edm,edm,123,edm,73.59349593495935,0.6606666666666666,0.7780975609756098,0.0490085262601626,0.19004146341463413,0.07258048780487805,-4.835292682926828,122.33595934959351,0.4954365853658536
electro_house,electro house,50,electro_house,71.84,0.67376,0.81824,0.06518326640000001,0.21509,0.06898,-4.44886,124.83840000000002,0.560702
pop_dance,pop dance,127,pop_dance,73.58267716535433,0.6622047244094489,0.7810000000000001,0.0459979079527559,0.19130866141732283,0.07140078740157481,-4.91540157480315,122.05498425196852,0.5158637795275591
ccm,ccm,1,ccm,66.0,0.397,0.903,1.6e-06,0.362,0.0457,-4.577,151.551,0.556
christian_alternative_rock,christian alternative rock,2,christian_alternative_rock,73.0,0.5185,0.9299999999999999,8e-07,0.22044999999999998,0.059899999999999995,-3.4565,143.2715,0.624
christian_music,christian music,2,christian_music,73.0,0.5185,0.9299999999999999,8e-07,0.22044999999999998,0.059899999999999995,-3.4565,143.2715,0.624
funk,funk,1,funk,65.0,0.758,0.957,0.0,0.133,0.0357,-2.281,111.121,0.966
bhangra,bhangra,1,bhangra,64.0,0.777,0.852,0.657,0.136,0.0362,-6.625,98.073,0.907
classic_bhangra,classic bhangra,1,classic_bhangra,64.0,0.777,0.852,0.657,0.136,0.0362,-6.625,98.073,0.907
desi_hip_hop,desi hip hop,1,desi_hip_hop,64.0,0.777,0.852,0.657,0.136,0.0362,-6.625,98.073,0.907
chicago_rap,chicago rap,48,chicago_rap,74.83333333333333,0.6545416666666667,0.6963958333333333,0.020840746041666663,0.22114375000000006,0.20920416666666666,-5.753125,113.34693750000001,0.4940625
uk_garage,uk garage,5,uk_garage,61.2,0.7072,0.7388,0.000784,0.15044,0.13940000000000002,-4.5096,123.8572,0.764
glam_rock,glam rock,4,glam_rock,72.75,0.6365000000000001,0.6035,1.10225e-05,0.19924999999999998,0.040625,-7.109750000000001,104.85975,0.56875
post-disco,post-disco,1,post-disco,62.0,0.883,0.887,0.63,0.0367,0.116,-4.92,124.814,0.648
danish_pop,danish pop,5,danish_pop,70.8,0.7091999999999999,0.7294,0.015001899999999999,0.28191999999999995,0.05598000000000001,-4.545999999999999,106.96019999999999,0.4408
new_romantic,new romantic,1,new_romantic,61.0,0.788,0.728,0.23,0.0979,0.0295,-5.123,105.983,0.936
new_wave,new wave,1,new_wave,61.0,0.788,0.728,0.23,0.0979,0.0295,-5.123,105.983,0.936
bouncy_house,bouncy house,2,bouncy_house,60.0,0.6105,0.8400000000000001,0.01655,0.1069,0.040499999999999994,-7.8395,134.32549999999998,0.5885
dance-punk,dance-punk,2,dance-punk,62.5,0.5615,0.7669999999999999,0.08300369,0.15085,0.03415,-3.749,132.48000000000002,0.612
reggaeton,reggaeton,50,reggaeton,78.42,0.7517200000000002,0.72854,0.0130372036,0.160532,0.13970599999999997,-4.65776,124.33488,0.5987
trap_latino,trap latino,54,trap_latino,78.5,0.7485370370370371,0.723425925925926,0.012684408703703702,0.15821111111111108,0.13898888888888886,-4.784444444444444,125.49688888888889,0.5893333333333334
urbano_latino,urbano latino,52,urbano_latino,78.40384615384616,0.7488461538461539,0.7321346153846154,0.013170364807692308,0.16051923076923072,0.13618461538461538,-4.66976923076923,124.40292307692309,0.5989230769230769
indie_rock,indie rock,15,indie_rock,72.73333333333333,0.5409333333333333,0.7368666666666667,0.004303084666666667,0.2609933333333333,0.047866666666666675,-5.635000000000001,115.11526666666668,0.5469333333333334
scottish_rock,scottish rock,3,scottish_rock,69.33333333333333,0.4003333333333334,0.8079999999999999,0.00033433333333333335,0.33816666666666667,0.07483333333333332,-4.957,127.41966666666667,0.6230000000000001
dutch_house,dutch house,14,dutch_house,71.21428571428571,0.6177142857142858,0.8537142857142855,0.06693125000000001,0.2651428571428571,0.09282142857142858,-4.5386428571428565,127.22335714285714,0.5103857142857142
house,house,43,house,72.44186046511628,0.695046511627907,0.8116744186046512,0.062284724651162804,0.1900674418604651,0.07133255813953489,-4.707209302325581,125.03409302325585,0.5801395348837209
progressive_electro_house,progressive electro house,28,progressive_electro_house,73.17857142857143,0.6358928571428571,0.8050357142857143,0.09562350357142857,0.23203214285714285,0.07156071428571428,-4.466321428571429,122.26757142857142,0.5020035714285713
progressive_house,progressive house,35,progressive_house,72.88571428571429,0.6645142857142857,0.8307142857142857,0.06817993371428573,0.21676857142857145,0.06100857142857141,-4.4382857142857155,125.28297142857144,0.5541171428571428
rock_en_espanol,rock en espanol,1,rock_en_espanol,75.0,0.751,0.731,0.0,0.0556,0.0308,-4.419,97.007,0.973
finnish_alternative_rock,finnish alternative rock,1,finnish_alternative_rock,71.0,0.6,0.796,5.2e-05,0.484,0.0275,-4.481,105.991,0.75
north_carolina_hip_hop,north carolina hip hop,9,north_carolina_hip_hop,75.33333333333333,0.7558888888888888,0.6288888888888889,2.2168888888888888e-05,0.22226666666666667,0.1836888888888889,-6.7764444444444445,104.15477777777777,0.5502555555555556
soca,soca,1,soca,70.0,0.677,0.682,0.0,0.0351,0.0361,-6.879,106.279,0.875
vincy_soca,vincy soca,1,vincy_soca,70.0,0.677,0.682,0.0,0.0351,0.0361,-6.879,106.279,0.875
australian_alternative_rock,australian alternative rock,1,australian_alternative_rock,68.0,0.562,0.865,0.591,0.219,0.0922,-6.476,124.047,0.35
australian_rock,australian rock,1,australian_rock,68.0,0.562,0.865,0.591,0.219,0.0922,-6.476,124.047,0.35
diva_house,diva house,2,diva_house,72.5,0.69,0.8945,0.0004507,0.211,0.0479,-4.7175,125.9795,0.49050000000000005
bounce,bounce,1,bounce,66.0,0.713,0.734,0.0,0.0687,0.325,-4.894,172.872,0.89
movie_tunes,movie tunes,4,movie_tunes,72.5,0.60225,0.68725,0.013625,0.132875,0.089275,-6.78525,145.6115,0.50425
atlanta_bass,atlanta bass,3,atlanta_bass,65.0,0.7330000000000001,0.606,0.0,0.20203333333333331,0.25466666666666665,-6.045333333333333,123.73200000000001,0.4876666666666667
uk_dance,uk dance,58,uk_dance,73.12068965517241,0.6856034482758622,0.7773103448275862,0.030621379655172414,0.19478620689655168,0.07044137931034483,-4.801741379310346,124.96558620689656,0.5642931034482759
birmingham_hip_hop,birmingham hip hop,2,birmingham_hip_hop,58.5,0.682,0.6555,0.0,0.06235,0.269,-4.779,126.1605,0.67
deep_talent_show,deep talent show,3,deep_talent_show,75.0,0.606,0.6436666666666667,0.00061,0.14573333333333335,0.0657,-6.237666666666667,112.11166666666666,0.5416666666666667
hands_up,hands up,1,hands_up,61.0,0.739,0.999,0.00224,0.28,0.0803,-5.077,139.982,0.501
chicago_hardcore,chicago hardcore,1,chicago_hardcore,59.0,0.477,0.426,0.0,0.0903,0.043,-6.961,184.866,0.789
chicago_punk,chicago punk,1,chicago_punk,59.0,0.477,0.426,0.0,0.0903,0.043,-6.961,184.866,0.789
hardcore_punk,hardcore punk,1,hardcore_punk,59.0,0.477,0.426,0.0,0.0903,0.043,-6.961,184.866,0.789
strut,strut,2,strut,57.5,0.7335,0.937,1.145e-05,0.19870000000000002,0.06735,-4.0009999999999994,130.9875,0.8815
cantautor,cantautor,1,cantautor,78.0,0.74,0.783,0.000308,0.123,0.0427,-5.367,100.011,0.812
latin_arena_pop,latin arena pop,2,latin_arena_pop,76.0,0.7585,0.7825,0.000154,0.3815,0.06670000000000001,-4.901,97.017,0.7925
ectofolk,ectofolk,4,ectofolk,69.5,0.6485,0.77525,0.0,0.17435,0.04355,-5.20375,111.81775,0.741
scottish_singer-songwriter,scottish singer-songwriter,5,scottish_singer-songwriter,68.2,0.6776,0.6914,2.1800000000000003e-06,0.25601999999999997,0.12098,-7.114400000000001,108.856,0.7108000000000001
sheffield_indie,sheffield indie,7,sheffield_indie,80.42857142857143,0.5218571428571429,0.7422857142857142,0.003363842857142857,0.18462857142857142,0.08144285714285714,-5.983714285714285,113.45785714285715,0.5892857142857144
cali_rap,cali rap,12,cali_rap,72.25,0.807,0.6699166666666668,1.2074999999999999e-06,0.18799166666666667,0.16269166666666668,-5.0802499999999995,104.17358333333334,0.5456666666666667
classic_oklahoma_country,classic oklahoma country,3,classic_oklahoma_country,73.0,0.56,0.8226666666666667,4.966666666666666e-07,0.11633333333333333,0.03943333333333334,-4.303333333333334,157.51666666666668,0.5529999999999999
canadian_indie,canadian indie,2,canadian_indie,70.5,0.5365,0.4315,0.0,0.11549999999999999,0.0343,-9.154,80.465,0.6395
chamber_pop,chamber pop,4,chamber_pop,68.25,0.5085000000000001,0.39799999999999996,0.08542642,0.131,0.0454,-11.31775,119.91324999999999,0.39775
indietronica,indietronica,37,indietronica,73.75675675675676,0.6177837837837838,0.6909189189189189,0.0610838972972973,0.17678918918918918,0.06351351351351349,-6.237891891891891,123.94354054054054,0.49878378378378374
seattle_indie,seattle indie,1,seattle_indie,69.0,0.517,0.206,0.0,0.118,0.0421,-12.233,80.401,0.489
washington_indie,washington indie,1,washington_indie,69.0,0.517,0.206,0.0,0.118,0.0421,-12.233,80.401,0.489
pop_soul,pop soul,26,pop_soul,77.46153846153847,0.6073846153846153,0.5645384615384615,1.3755384615384615e-05,0.1455076923076923,0.062461538461538464,-6.828461538461538,109.29096153846156,0.43691923076923084
breakbeat,breakbeat,2,breakbeat,63.5,0.645,0.8334999999999999,0.06960000000000001,0.322,0.0596,-4.4265,122.0025,0.4615
rave,rave,2,rave,63.5,0.645,0.8334999999999999,0.06960000000000001,0.322,0.0596,-4.4265,122.0025,0.4615
trip_hop,trip hop,1,trip_hop,65.0,0.745,0.714,0.0222,0.363,0.0751,-3.681,104.003,0.365
idol,idol,6,idol,58.833333333333336,0.5636666666666666,0.6425000000000001,2e-06,0.15753333333333333,0.03466666666666667,-5.805,133.85466666666665,0.484
pixie,pixie,8,pixie,72.875,0.547,0.80925,1.256875e-05,0.1275,0.06055,-4.24425,135.65925000000001,0.61875
rap_kreyol,rap kreyol,2,rap_kreyol,72.5,0.7555000000000001,0.784,0.0,0.373,0.063,-4.7010000000000005,96.2695,0.6435
pov:_indie,pov: indie,32,pov:_indie,79.1875,0.61765625,0.6965625,0.0170169,0.175834375,0.055606249999999996,-5.8153749999999995,118.75159375000001,0.523875
modern_country_rock,modern country rock,14,modern_country_rock,71.07142857142857,0.5746428571428571,0.7335,7.313571428571429e-06,0.1393285714285714,0.0455,-5.042714285714285,135.4828571428571,0.6522857142857142
melbourne_bounce_international,melbourne bounce international,3,melbourne_bounce_international,71.33333333333333,0.6973333333333334,0.8516666666666666,4.3e-06,0.4923333333333333,0.10666666666666667,-4.799666666666667,132.339,0.6316666666666667
ohio_hip_hop,ohio hip hop,7,ohio_hip_hop,71.28571428571429,0.7174285714285714,0.6808571428571427,1.7e-06,0.16681428571428575,0.14164285714285713,-5.834285714285713,120.41528571428572,0.4737142857142858
hyphy,hyphy,5,hyphy,66.2,0.8160000000000001,0.685,0.001069602,0.17275999999999997,0.16414,-5.5085999999999995,101.97999999999999,0.563
oakland_hip_hop,oakland hip hop,8,oakland_hip_hop,71.625,0.711125,0.671125,1.35e-06,0.20408749999999998,0.138325,-6.0455000000000005,104.758875,0.394625
speed_garage,speed garage,1,speed_garage,67.0,0.652,0.733,0.00867,0.0392,0.246,-8.207,127.533,0.744
tribal_house,tribal house,1,tribal_house,67.0,0.652,0.733,0.00867,0.0392,0.246,-8.207,127.533,0.744
brighton_indie,brighton indie,2,brighton_indie,61.5,0.489,0.813,0.0,0.10880000000000001,0.06420000000000001,-5.772,89.58850000000001,0.7585
electropop,electropop,31,electropop,71.83870967741936,0.6399677419354837,0.7385806451612905,0.0014116270967741934,0.16929354838709673,0.0813,-5.060677419354838,121.427,0.45141935483870976
country_rap,country rap,1,country_rap,62.0,0.64,0.62,0.0,0.0831,0.416,-5.931,129.37,0.609
houston_rap,houston rap,6,houston_rap,59.666666666666664,0.8356666666666667,0.6373333333333333,0.0,0.21090000000000006,0.24250000000000002,-6.573333333333333,114.20216666666666,0.6628333333333333
garage_rock_revival,garage rock revival,1,garage_rock_revival,56.0,0.525,0.578,0.00916,0.108,0.12,-4.563,123.696,0.537
chopped_and_screwed,chopped and screwed,1,chopped_and_screwed,55.0,0.867,0.504,0.0,0.307,0.241,-7.737,82.996,0.84
english_indie_rock,english indie rock,1,english_indie_rock,50.0,0.462,0.783,0.0,0.348,0.0309,-7.814,175.964,0.68
pop_emo,pop emo,6,pop_emo,77.5,0.5416666666666666,0.8454999999999999,1.6243333333333334e-05,0.09335,0.06823333333333334,-4.089166666666667,139.30066666666664,0.6038333333333333
screamo,screamo,1,screamo,78.0,0.545,0.932,0.0,0.127,0.0399,-2.189,92.956,0.464
chicago_bop,chicago bop,4,chicago_bop,75.0,0.694,0.726,0.0,0.141825,0.074025,-2.8112500000000002,145.1085,0.7225
south_african_rock,south african rock,1,south_african_rock,77.0,0.611,0.95,1.59e-06,0.0543,0.0518,-3.509,132.078,0.607
swedish_electropop,swedish electropop,17,swedish_electropop,71.41176470588235,0.6684705882352941,0.7758235294117647,0.0008678958823529412,0.13279411764705884,0.03898823529411764,-4.614588235294117,121.53541176470587,0.47852941176470587
swedish_pop,swedish pop,15,swedish_pop,71.93333333333334,0.6648,0.7773333333333333,0.000981308,0.1262066666666667,0.041319999999999996,-4.764799999999999,123.88173333333333,0.43959999999999994
scandipop,scandipop,9,scandipop,74.88888888888889,0.6478888888888888,0.7298888888888889,0.008699102222222222,0.20238888888888887,0.0642888888888889,-4.990444444444445,123.46977777777776,0.4564444444444445
neo-synthpop,neo-synthpop,13,neo-synthpop,70.76923076923077,0.6312307692307694,0.779,0.07039678461538462,0.2109769230769231,0.057230769230769224,-4.951153846153847,126.06692307692308,0.48223076923076924
new_rave,new rave,3,new_rave,72.66666666666667,0.5166666666666667,0.8243333333333333,0.0013206600000000002,0.47666666666666674,0.09866666666666667,-5.2139999999999995,137.249,0.503
futuristic_swag,futuristic swag,3,futuristic_swag,67.33333333333333,0.7130000000000001,0.6329999999999999,0.0,0.32966666666666666,0.039233333333333335,-5.788333333333333,135.9886666666667,0.4673333333333333
bass_house,bass house,2,bass_house,62.0,0.8089999999999999,0.781,0.043109999999999996,0.1257,0.03985,-5.2204999999999995,132.4855,0.8109999999999999
old_school_bassline,old school bassline,1,old_school_bassline,59.0,0.716,0.757,0.00392,0.16,0.0329,-5.438,139.986,0.877
baton_rouge_rap,baton rouge rap,2,baton_rouge_rap,64.5,0.8875,0.5595,0.0,0.13985,0.303,-6.4145,105.969,0.634
memphis_hip_hop,memphis hip hop,4,memphis_hip_hop,72.5,0.8347500000000001,0.5285,1.53e-05,0.125425,0.26055,-6.4885,120.50200000000001,0.56125
alabama_rap,alabama rap,1,alabama_rap,58.0,0.697,0.86,0.0,0.0721,0.43,-5.181,160.895,0.433
skate_punk,skate punk,1,skate_punk,84.0,0.55,0.917,0.0,0.197,0.0638,-3.159,126.115,0.601
escape_room,escape room,7,escape_room,55.285714285714285,0.6872857142857143,0.7297142857142858,2.58e-05,0.2818,0.11885714285714286,-5.712714285714286,133.06099999999998,0.5825714285714285
acid_house,acid house,1,acid_house,77.0,0.498,0.862,0.00941,0.352,0.0589,-6.02,128.034,0.47
german_dance,german dance,6,german_dance,76.0,0.715,0.7265,0.0018407383333333331,0.2366166666666667,0.07146666666666666,-6.4031666666666665,122.34916666666668,0.5798333333333333
canadian_old_school_hip_hop,canadian old school hip hop,3,canadian_old_school_hip_hop,75.66666666666667,0.8083333333333332,0.8649999999999999,6.466666666666667e-07,0.08366666666666667,0.07433333333333333,-4.350666666666666,113.66966666666667,0.6966666666666668
modern_alternative_rock,modern alternative rock,28,modern_alternative_rock,77.92857142857143,0.5917142857142857,0.7447857142857142,0.037627353214285716,0.1994142857142857,0.0678857142857143,-5.530142857142857,114.82735714285715,0.5268571428571429
acoustic_pop,acoustic pop,6,acoustic_pop,70.16666666666667,0.6086666666666667,0.6051666666666666,0.0,0.14726666666666666,0.040350000000000004,-6.5553333333333335,123.06399999999998,0.5568333333333332
viral_pop,viral pop,31,viral_pop,75.12903225806451,0.6517741935483872,0.6816774193548386,4.6736129032258065e-05,0.1394064516129032,0.09091935483870965,-5.389354838709678,123.92522580645162,0.5589516129032257
uk_pop,uk pop,110,uk_pop,74.91818181818182,0.635427272727273,0.6326627272727273,0.006879358363636364,0.1466990909090909,0.06333454545454545,-5.891400000000001,115.14949999999997,0.4640327272727273
eau_claire_indie,eau claire indie,2,eau_claire_indie,66.5,0.483,0.2835,0.14900284,0.1265,0.043500000000000004,-14.2745,112.16749999999999,0.128
indie_folk,indie folk,2,indie_folk,66.5,0.483,0.2835,0.14900284,0.1265,0.043500000000000004,-14.2745,112.16749999999999,0.128
melancholia,melancholia,2,melancholia,66.5,0.483,0.2835,0.14900284,0.1265,0.043500000000000004,-14.2745,112.16749999999999,0.128
baroque_pop,baroque pop,6,baroque_pop,71.0,0.5323333333333334,0.7521666666666667,0.007939016666666668,0.10993333333333333,0.055083333333333324,-5.218833333333333,139.06333333333333,0.4678333333333333
electropowerpop,electropowerpop,5,electropowerpop,67.6,0.69,0.8396000000000001,8.5618e-05,0.33799999999999997,0.118,-4.0992,135.59279999999998,0.5764
lds_youth,lds youth,1,lds_youth,69.0,0.57,0.664,1.2e-05,0.0719,0.0322,-4.718,162.084,0.487
grime,grime,5,grime,63.6,0.7132000000000001,0.8301999999999999,1.2479999999999999e-05,0.21350000000000002,0.08844,-5.1562,128.406,0.6108
instrumental_grime,instrumental grime,1,instrumental_grime,67.0,0.878,0.746,0.0,0.154,0.0451,-4.281,111.996,0.792
norwegian_hip_hop,norwegian hip hop,1,norwegian_hip_hop,60.0,0.715,0.796,0.0,0.0658,0.0534,-4.889,129.04,0.431
metropopolis,metropopolis,41,metropopolis,72.02439024390245,0.630780487804878,0.6884146341463415,0.02326255975609756,0.1501268292682927,0.06085121951219512,-5.782560975609757,118.46080487804878,0.45107317073170733
dancefloor_dnb,dancefloor dnb,3,dancefloor_dnb,62.666666666666664,0.419,0.9199999999999999,0.04933333333333333,0.27066666666666667,0.09223333333333333,-3.1940000000000004,163.673,0.304
drum_and_bass,drum and bass,3,drum_and_bass,62.666666666666664,0.419,0.9199999999999999,0.04933333333333333,0.27066666666666667,0.09223333333333333,-3.1940000000000004,163.673,0.304
art_pop,art pop,44,art_pop,72.43181818181819,0.6383863636363636,0.5672727272727273,0.048966046590909085,0.15115227272727272,0.09056363636363636,-7.818886363636364,113.07490909090907,0.4331545454545454
big_room,big room,18,big_room,71.05555555555556,0.6480555555555556,0.8036666666666666,0.009772368888888888,0.1746388888888889,0.0803388888888889,-4.255611111111111,126.11055555555555,0.5381666666666667
australian_electropop,australian electropop,3,australian_electropop,79.0,0.7036666666666666,0.6853333333333333,1.6473333333333334e-05,0.10203333333333335,0.045899999999999996,-5.7940000000000005,119.355,0.6513333333333333
christian_rock,christian rock,1,christian_rock,80.0,0.64,0.957,0.0,0.0789,0.0741,-2.336,134.992,0.692
pop_r&b,pop r&b,14,pop_r&b,78.92857142857143,0.6131428571428571,0.5305000000000001,0.022655968571428573,0.11199999999999999,0.11392142857142859,-7.944928571428571,115.37071428571429,0.30628571428571433
canadian_hip_hop,canadian hip hop,46,canadian_hip_hop,76.54347826086956,0.7380869565217391,0.5967173913043479,0.0021976465217391308,0.16523043478260874,0.1866304347826087,-6.944826086956523,120.26891304347828,0.4661478260869565
uk_alternative_pop,uk alternative pop,6,uk_alternative_pop,71.16666666666667,0.598,0.7681666666666667,0.0006316666666666667,0.10953333333333333,0.08928333333333333,-4.429666666666667,128.76700000000002,0.4143333333333333
modern_folk_rock,modern folk rock,2,modern_folk_rock,72.0,0.499,0.627,0.00359525,0.20124999999999998,0.0301,-6.7605,134.9595,0.474
stomp_and_holler,stomp and holler,11,stomp_and_holler,73.72727272727273,0.5486363636363637,0.6540909090909092,0.0018145463636363636,0.18342727272727274,0.03202727272727273,-6.558181818181819,97.633,0.46345454545454545
uk_americana,uk americana,2,uk_americana,72.0,0.499,0.627,0.00359525,0.20124999999999998,0.0301,-6.7605,134.9595,0.474
rock_independant_francais,rock independant francais,1,rock_independant_francais,71.0,0.64,0.789,0.00388,0.53,0.0359,-6.691,97.539,0.311
shimmer_pop,shimmer pop,4,shimmer_pop,70.5,0.632,0.7324999999999999,0.04372,0.28125,0.040125,-5.7405,106.91125,0.31925000000000003
leicester_indie,leicester indie,1,leicester_indie,68.0,0.525,0.742,0.149,0.117,0.0311,-5.643,117.029,0.179
downtempo,downtempo,3,downtempo,68.0,0.49499999999999994,0.49733333333333335,0.3281,0.127,0.043333333333333335,-10.829666666666666,102.31933333333335,0.26333333333333336
dream_pop,dream pop,2,dream_pop,66.5,0.5205,0.4675,0.49215000000000003,0.1145,0.0349,-13.506499999999999,95.95,0.247
wrestling,wrestling,1,wrestling,67.0,0.607,0.783,0.0,0.0678,0.0397,-4.41,113.172,0.434
swedish_idol_pop,swedish idol pop,1,swedish_idol_pop,67.0,0.621,0.923,7.28e-05,0.108,0.0321,-3.124,127.973,0.716
filmi,filmi,1,filmi,66.0,0.657,0.941,0.0,0.0797,0.061,-3.919,136.202,0.879
hardcore_techno,hardcore techno,1,hardcore_techno,62.0,0.545,0.953,0.117,0.281,0.0441,-5.172,140.002,0.558
g-house,g-house,1,g-house,80.0,0.791,0.59,0.00203,0.065,0.0793,-9.206,119.951,0.714
electrofox,electrofox,1,electrofox,78.0,0.768,0.82,0.0,0.689,0.0474,-4.63,129.965,0.625
nu_disco,nu disco,2,nu_disco,72.0,0.7765,0.76,0.001255,0.38565,0.044,-5.22,125.998,0.4605
northern_irish_indie,northern irish indie,1,northern_irish_indie,76.0,0.563,0.739,1.45e-05,0.0822,0.0416,-4.239,139.0,0.775
asian_american_hip_hop,asian american hip hop,2,asian_american_hip_hop,69.5,0.5495,0.841,0.0,0.192,0.24755,-7.1205,110.459,0.5675
slow_game,slow game,1,slow_game,71.0,0.692,0.736,0.0,0.0787,0.11,-5.109,73.987,0.217
romanian_house,romanian house,2,romanian_house,67.0,0.8075,0.8614999999999999,0.2313,0.25335,0.15610000000000002,-4.9875,127.5205,0.591
romanian_pop,romanian pop,3,romanian_pop,64.66666666666667,0.7823333333333333,0.8826666666666666,0.15427933333333335,0.21556666666666668,0.12106666666666667,-4.713333333333334,127.351,0.6546666666666666
moldovan_pop,moldovan pop,1,moldovan_pop,68.0,0.799,0.783,0.0186,0.0757,0.0322,-3.896,127.041,0.586
country_pop,country pop,8,country_pop,70.0,0.560875,0.756375,2.325e-05,0.10880000000000001,0.0510375,-4.523375,129.609625,0.6271249999999999
australian_house,australian house,1,australian_house,65.0,0.902,0.805,0.0823,0.0914,0.0468,-5.003,124.985,0.745
hip_house,hip house,4,hip_house,65.75,0.6575,0.85425,0.00043149999999999997,0.281925,0.11115,-4.5835,126.7445,0.5095000000000001
glee_club,glee club,1,glee_club,58.0,0.473,0.604,0.0,0.103,0.0337,-4.034,123.848,0.271
deep_dance_pop,deep dance pop,1,deep_dance_pop,85.0,0.671,0.939,0.0,0.298,0.161,-3.206,129.024,0.53
la_indie,la indie,4,la_indie,74.0,0.6897500000000001,0.654,0.15378925,0.1278,0.0616,-6.59075,124.97125,0.43300000000000005
pittsburgh_rap,pittsburgh rap,10,pittsburgh_rap,74.8,0.6295999999999999,0.7571,0.000187103,0.21767000000000003,0.16784000000000002,-5.4002,122.12550000000002,0.5613
singer-songwriter_pop,singer-songwriter pop,21,singer-songwriter_pop,72.80952380952381,0.6631428571428573,0.5580904761904764,0.007738662380952381,0.18693333333333334,0.08406666666666666,-6.981761904761904,101.33833333333334,0.5246666666666665
french_shoegaze,french shoegaze,1,french_shoegaze,74.0,0.526,0.712,0.0,0.179,0.0356,-6.525,105.009,0.32
french_synthpop,french synthpop,1,french_synthpop,74.0,0.526,0.712,0.0,0.179,0.0356,-6.525,105.009,0.32
swedish_indie_pop,swedish indie pop,1,swedish_indie_pop,66.0,0.785,0.7,0.00251,0.0823,0.0406,-5.81,122.031,0.296
belgian_edm,belgian edm,3,belgian_edm,70.0,0.798,0.6933333333333334,0.0008803333333333333,0.09306666666666667,0.11153333333333333,-6.548333333333333,123.01633333333332,0.437
uk_hip_hop,uk hip hop,4,uk_hip_hop,67.5,0.8275000000000001,0.774,0.0,0.1285,0.16092499999999998,-6.014,117.41149999999999,0.7367499999999999
indie_poptimism,indie poptimism,14,indie_poptimism,75.42857142857143,0.6430714285714286,0.6570714285714285,0.00038330857142857135,0.17985,0.07765714285714287,-6.125928571428571,111.9592142857143,0.457
neo-singer-songwriter,neo-singer-songwriter,5,neo-singer-songwriter,72.2,0.6306,0.5267999999999999,0.0002136,0.1826,0.03296,-6.9918000000000005,110.52740000000001,0.37479999999999997
lgbtq+_hip_hop,lgbtq+ hip hop,13,lgbtq+_hip_hop,78.23076923076923,0.7243846153846154,0.6343846153846153,0.00016901846153846158,0.23018461538461538,0.12483846153846152,-6.311000000000001,133.97907692307692,0.5350769230769231
pop_edm,pop edm,10,pop_edm,75.0,0.7296,0.7587,0.0010118599999999998,0.13559000000000002,0.07540000000000001,-4.507900000000001,119.7086,0.5346
folk-pop,folk-pop,17,folk-pop,75.52941176470588,0.5966470588235294,0.664764705882353,0.0008924305882352941,0.13632352941176473,0.03804117647058823,-6.555882352941175,103.01088235294117,0.4364117647058824
bergen_indie,bergen indie,1,bergen_indie,77.0,0.864,0.495,0.000133,0.0992,0.037,-7.036,129.062,0.72
nz_pop,nz pop,9,nz_pop,67.88888888888889,0.7181111111111111,0.5123333333333333,5.061666666666667e-05,0.19345555555555558,0.08892222222222222,-8.127666666666666,109.49988888888889,0.5577777777777777
k-rap,k-rap,1,k-rap,75.0,0.727,0.937,0.0,0.091,0.286,-2.871,132.067,0.749
korean_old_school_hip_hop,korean old school hip hop,1,korean_old_school_hip_hop,75.0,0.727,0.937,0.0,0.091,0.286,-2.871,132.067,0.749
swedish_synthpop,swedish synthpop,6,swedish_synthpop,71.5,0.7128333333333332,0.7678333333333334,1.6616666666666666e-05,0.11625,0.03961666666666667,-4.175333333333334,120.97433333333333,0.4373333333333333
brostep,brostep,16,brostep,75.3125,0.6591875,0.7887500000000001,0.002577306875,0.20765625,0.07566874999999999,-3.91525,121.40393750000001,0.4633125
complextro,complextro,7,complextro,75.14285714285714,0.6261428571428571,0.7504285714285714,1.1415714285714286e-05,0.1425,0.07405714285714285,-3.7627142857142855,120.63214285714285,0.3821428571428572
canadian_electropop,canadian electropop,1,canadian_electropop,69.0,0.697,0.529,0.896,0.0895,0.0338,-8.838,155.974,0.486
grave_wave,grave wave,1,grave_wave,69.0,0.697,0.529,0.896,0.0895,0.0338,-8.838,155.974,0.486
israeli_pop,israeli pop,2,israeli_pop,74.5,0.713,0.6779999999999999,4.105e-05,0.288,0.12905,-7.334,109.48349999999999,0.30665000000000003
israeli_rock,israeli rock,1,israeli_rock,69.0,0.826,0.668,6.92e-05,0.167,0.0571,-6.329,118.99,0.534
deep_euro_house,deep euro house,4,deep_euro_house,73.75,0.76275,0.71975,0.0003766575,0.258975,0.044475,-6.529249999999999,121.26225,0.6
sertanejo,sertanejo,1,sertanejo,66.0,0.65,0.946,0.0,0.979,0.0981,-5.326,96.033,0.669
sertanejo_pop,sertanejo pop,1,sertanejo_pop,66.0,0.65,0.946,0.0,0.979,0.0981,-5.326,96.033,0.669
sertanejo_universitario,sertanejo universitario,2,sertanejo_universitario,69.0,0.6859999999999999,0.842,7.35e-06,0.5885,0.17255,-5.6995000000000005,147.054,0.7085
chill_pop,chill pop,2,chill_pop,92.0,0.445,0.537,1.65e-05,0.0944,0.04,-8.532,122.769,0.131
irish_pop,irish pop,2,irish_pop,75.5,0.33799999999999997,0.44899999999999995,0.0765,0.13865,0.03945,-8.052,132.327,0.189
seattle_hip_hop,seattle hip hop,5,seattle_hip_hop,76.6,0.6988000000000001,0.7048,1.41e-05,0.10258,0.12764,-5.937,111.6472,0.5433999999999999
disco,disco,1,disco,82.0,0.794,0.811,1.07e-06,0.101,0.038,-8.966,116.047,0.862
stomp_pop,stomp pop,7,stomp_pop,76.28571428571429,0.5444285714285715,0.7134285714285714,0.10512342857142855,0.2128714285714286,0.12794285714285716,-6.219571428571427,112.0457142857143,0.383
canadian_contemporary_r&b,canadian contemporary r&b,32,canadian_contemporary_r&b,82.125,0.5998125,0.6270781249999999,0.008986615625,0.148015625,0.08407187499999999,-6.601593750000001,123.60084375,0.38084375
nashville_indie,nashville indie,1,nashville_indie,74.0,0.621,0.31,6.12e-05,0.117,0.0283,-10.164,111.893,0.125
dutch_trance,dutch trance,1,dutch_trance,72.0,0.551,0.833,2.77e-06,0.0632,0.03,-5.217,129.885,0.145
dutch_edm,dutch edm,8,dutch_edm,73.0,0.62825,0.7328749999999999,0.05817722875,0.198625,0.06457500000000001,-5.381125,126.62075,0.36188750000000003
aussietronica,aussietronica,2,aussietronica,76.5,0.6405000000000001,0.761,2.095e-05,0.07915,0.0419,-5.4725,122.0385,0.6875
melbourne_bounce,melbourne bounce,3,melbourne_bounce,69.66666666666667,0.6353333333333332,0.855,0.0,0.4183666666666666,0.12076666666666667,-3.825333333333333,127.67133333333334,0.628
moombahton,moombahton,5,moombahton,70.8,0.6464,0.8446,0.000413442,0.28158,0.064,-3.9219999999999997,113.0762,0.5351999999999999
jordanian_pop,jordanian pop,1,jordanian_pop,67.0,0.725,0.874,0.000412,0.0958,0.0396,-3.715,127.985,0.748
comic,comic,1,comic,65.0,0.703,0.867,0.0,0.119,0.0453,-4.292,128.008,0.546
uk_contemporary_r&b,uk contemporary r&b,8,uk_contemporary_r&b,74.375,0.610375,0.744375,9.7275e-06,0.1426625,0.06846250000000001,-4.895,111.26150000000001,0.388
afrobeats,afrobeats,6,afrobeats,79.83333333333333,0.7676666666666666,0.7023333333333334,0.0008807633333333333,0.25658333333333333,0.08773333333333333,-5.060666666666666,106.98633333333333,0.6325000000000001
teen_pop,teen pop,2,teen_pop,76.0,0.6160000000000001,0.784,0.0,0.1675,0.0339,-4.455500000000001,140.065,0.603
latin_viral_pop,latin viral pop,3,latin_viral_pop,76.33333333333333,0.7823333333333333,0.6806666666666666,1.1966666666666667e-05,0.14056666666666665,0.13119999999999998,-5.184,98.98266666666666,0.43533333333333335
rap_latina,rap latina,2,rap_latina,77.5,0.7565,0.671,6.46e-05,0.27,0.0524,-5.2855,99.99199999999999,0.48
tropical_house,tropical house,15,tropical_house,74.8,0.6907999999999999,0.6867333333333334,0.00012225599999999998,0.22805999999999998,0.06504666666666666,-6.6678000000000015,114.86113333333333,0.5214666666666666
broadway,broadway,2,broadway,75.0,0.48,0.6545,0.02725,0.09625,0.06775,-7.105,147.4405,0.3855
show_tunes,show tunes,2,show_tunes,75.0,0.48,0.6545,0.02725,0.09625,0.06775,-7.105,147.4405,0.3855
australian_hip_hop,australian hip hop,6,australian_hip_hop,74.16666666666667,0.7231666666666666,0.6948333333333333,6.5805e-05,0.11095,0.08591666666666666,-5.308666666666666,129.07716666666667,0.4896666666666667
german_pop,german pop,1,german_pop,76.0,0.879,0.565,0.000239,0.0798,0.037,-8.809,114.009,0.685
uk_funky,uk funky,7,uk_funky,76.57142857142857,0.7298571428571428,0.6639999999999999,0.00027005285714285713,0.2145,0.04604285714285715,-5.375,107.43971428571429,0.5141428571428571
electronic_trap,electronic trap,10,electronic_trap,72.8,0.6650999999999999,0.7544,0.048661086,0.17145,0.13031,-4.8923000000000005,124.36960000000002,0.36035
cubaton,cubaton,1,cubaton,70.0,0.723,0.777,3.68e-06,0.0451,0.108,-3.503,91.017,0.961
electro_latino,electro latino,1,electro_latino,70.0,0.723,0.777,3.68e-06,0.0451,0.108,-3.503,91.017,0.961
french_indie_pop,french indie pop,1,french_indie_pop,68.0,0.76,0.886,7.43e-06,0.623,0.0258,-5.356,123.002,0.78
french_rock,french rock,1,french_rock,68.0,0.76,0.886,7.43e-06,0.623,0.0258,-5.356,123.002,0.78
future_house,future house,1,future_house,68.0,0.609,0.885,1.15e-05,0.336,0.0642,-5.469,124.959,0.76
pop_house,pop house,2,pop_house,71.0,0.643,0.8145,8.575000000000001e-05,0.20500000000000002,0.046849999999999996,-6.1375,124.5195,0.6955
australian_indie,australian indie,2,australian_indie,69.0,0.5745,0.6685000000000001,0.00076,0.1335,0.07035,-5.8715,128.543,0.3765
australian_psych,australian psych,1,australian_psych,86.0,0.64,0.74,0.00678,0.167,0.0284,-4.083,116.879,0.785
neo-psychedelic,neo-psychedelic,1,neo-psychedelic,86.0,0.64,0.74,0.00678,0.167,0.0284,-4.083,116.879,0.785
kentucky_hip_hop,kentucky hip hop,4,kentucky_hip_hop,82.5,0.6990000000000001,0.45899999999999996,0.0,0.0938,0.16055,-7.27625,126.04425,0.3865
icelandic_indie,icelandic indie,1,icelandic_indie,85.0,0.489,0.505,0.000333,0.104,0.117,-8.022,163.255,0.337
icelandic_rock,icelandic rock,1,icelandic_rock,85.0,0.489,0.505,0.000333,0.104,0.117,-8.022,163.255,0.337
virgin_islands_reggae,virgin islands reggae,1,virgin_islands_reggae,80.0,0.509,0.671,0.0,0.0452,0.0678,-5.709,118.413,0.55
irish_singer-songwriter,irish singer-songwriter,1,irish_singer-songwriter,80.0,0.566,0.664,0.0,0.116,0.0464,-5.303,128.945,0.437
san_diego_rap,san diego rap,2,san_diego_rap,77.0,0.886,0.427,0.00099,0.0906,0.145,-10.028,108.034,0.23
viral_trap,viral trap,5,viral_trap,73.0,0.751,0.6462000000000001,0.000396336,0.17836000000000002,0.16366,-6.1129999999999995,125.72999999999999,0.3578
melodic_rap,melodic rap,51,melodic_rap,78.47058823529412,0.7235098039215685,0.6100196078431372,0.00038297529411764704,0.15532941176470588,0.12415294117647058,-6.118921568627451,121.28445098039215,0.4370588235294117
mississippi_hip_hop,mississippi hip hop,3,mississippi_hip_hop,75.33333333333333,0.7886666666666667,0.47733333333333333,4.533333333333333e-06,0.10683333333333334,0.09399999999999999,-7.761666666666668,136.976,0.25333333333333335
azonto,azonto,2,azonto,79.5,0.7695000000000001,0.751,0.0013165,0.281,0.06,-4.6955,105.979,0.5609999999999999
new_french_touch,new french touch,1,new_french_touch,69.0,0.783,0.467,0.809,0.109,0.0503,-9.474,90.838,0.236
afropop,afropop,1,afropop,89.0,0.792,0.625,0.0018,0.329,0.0536,-5.609,103.967,0.37
nigerian_hip_hop,nigerian hip hop,2,nigerian_hip_hop,84.0,0.802,0.5605,0.0009,0.21225,0.17529999999999998,-5.789,106.973,0.46
nigerian_pop,nigerian pop,3,nigerian_pop,82.66666666666667,0.801,0.641,0.0010266666666666668,0.1985,0.12923333333333334,-5.591333333333334,106.98466666666667,0.5770000000000001
etherpop,etherpop,7,etherpop,79.0,0.6511428571428571,0.6809999999999999,1.3014285714285713e-06,0.17412857142857144,0.10185714285714287,-5.897571428571429,104.94128571428573,0.47285714285714286
alt_z,alt z,17,alt_z,74.76470588235294,0.6560588235294118,0.5594411764705882,0.0006735564705882352,0.16549411764705882,0.08571764705882352,-7.353588235294118,107.91129411764707,0.40294117647058825
bboy,bboy,1,bboy,80.0,0.792,0.717,3.59e-05,0.226,0.0393,-4.759,121.985,0.466
instrumental_funk,instrumental funk,1,instrumental_funk,80.0,0.792,0.717,3.59e-05,0.226,0.0393,-4.759,121.985,0.466
dfw_rap,dfw rap,15,dfw_rap,82.26666666666667,0.6918000000000001,0.6243333333333333,0.00033037266666666664,0.11444000000000001,0.06483333333333333,-5.117066666666667,127.67219999999999,0.4562666666666667
trap_soul,trap soul,5,trap_soul,77.4,0.6722,0.6946,7.880000000000001e-07,0.23328,0.14484000000000002,-5.4652,131.66500000000002,0.5728
indie_pop_rap,indie pop rap,7,indie_pop_rap,75.85714285714286,0.6071428571428571,0.656,3.985714285714286e-07,0.23088571428571428,0.12558571428571427,-5.915142857142857,108.00814285714286,0.38085714285714284
canadian_trap,canadian trap,5,canadian_trap,70.4,0.7121999999999999,0.5868,1.2999999999999998e-06,0.10591999999999999,0.16865999999999998,-7.396800000000001,138.30239999999998,0.4084
pop_nacional,pop nacional,2,pop_nacional,68.0,0.735,0.551,0.001445,0.13605,0.03705,-7.16,131.029,0.6145
brazilian_edm,brazilian edm,1,brazilian_edm,78.0,0.778,0.463,0.00289,0.0731,0.0389,-7.603,121.999,0.496
gauze_pop,gauze pop,2,gauze_pop,83.5,0.6719999999999999,0.61,3.35e-06,0.07239999999999999,0.06835,-6.118,92.87450000000001,0.3775
british_singer-songwriter,british singer-songwriter,1,british_singer-songwriter,74.0,0.681,0.453,0.0,0.0543,0.0278,-6.09,125.772,0.348
nyc_pop,nyc pop,2,nyc_pop,72.0,0.7204999999999999,0.587,0.03270235,0.10825,0.0879,-6.547499999999999,85.457,0.47200000000000003
indie_pop,indie pop,4,indie_pop,79.25,0.68475,0.4295,0.045691175,0.28025,0.080175,-9.821,112.47475000000001,0.258
swedish_tropical_house,swedish tropical house,1,swedish_tropical_house,72.0,0.632,0.575,1.81e-06,0.104,0.029,-6.478,90.037,0.188
norwegian_pop,norwegian pop,1,norwegian_pop,71.0,0.672,0.625,0.0,0.0934,0.0468,-5.068,120.038,0.423
atl_trap,atl trap,5,atl_trap,78.4,0.7678,0.5092000000000001,7.12e-06,0.1234,0.2156,-6.6378,111.99380000000001,0.3358
emo_rap,emo rap,8,emo_rap,78.125,0.724125,0.5373749999999999,0.00097051625,0.251675,0.17352499999999998,-7.193625000000001,109.629625,0.46499999999999997
rage_rap,rage rap,3,rage_rap,80.33333333333333,0.8163333333333335,0.6659999999999999,0.0,0.19399999999999998,0.25366666666666665,-6.334333333333333,148.38866666666667,0.3373333333333333
plugg,plugg,2,plugg,77.0,0.8335,0.5505,0.0,0.22899999999999998,0.21449999999999997,-6.927,128.986,0.3005
pluggnb,pluggnb,2,pluggnb,83.0,0.768,0.612,0.0,0.20789999999999997,0.2865,-6.79,171.48250000000002,0.3345
florida_drill,florida drill,3,florida_drill,77.0,0.7323333333333334,0.634,3.3033333333333334e-05,0.11046666666666666,0.17559999999999998,-6.2620000000000005,132.97,0.5163333333333333
florida_rap,florida rap,3,florida_rap,77.0,0.7323333333333334,0.634,3.3033333333333334e-05,0.11046666666666666,0.17559999999999998,-6.2620000000000005,132.97,0.5163333333333333
cloud_rap,cloud rap,2,cloud_rap,75.5,0.54,0.7024999999999999,0.0,0.5815,0.0899,-6.577500000000001,128.03,0.38
funktronica,funktronica,1,funktronica,77.0,0.893,0.745,0.0,0.0943,0.0571,-3.105,101.018,0.872
hawaiian_hip_hop,hawaiian hip hop,1,hawaiian_hip_hop,76.0,0.759,0.245,0.000154,0.102,0.138,-6.545,96.992,0.209
reggaeton_colombiano,reggaeton colombiano,17,reggaeton_colombiano,78.94117647058823,0.7639411764705882,0.7194117647058823,0.0006962811764705882,0.18195882352941178,0.1531294117647059,-4.613235294117647,135.34788235294118,0.6372352941176471
portland_hip_hop,portland hip hop,1,portland_hip_hop,73.0,0.94,0.335,0.0,0.262,0.505,-10.179,120.04,0.707
underground_hip_hop,underground hip hop,1,underground_hip_hop,73.0,0.94,0.335,0.0,0.262,0.505,-10.179,120.04,0.707
deep_underground_hip_hop,deep underground hip hop,2,deep_underground_hip_hop,75.5,0.7435,0.6719999999999999,0.0,0.1383,0.17809999999999998,-7.07,112.5515,0.782
viral_rap,viral rap,3,viral_rap,72.66666666666667,0.7223333333333333,0.677,0.0,0.16046666666666667,0.17046666666666666,-5.663666666666667,133.63966666666667,0.5143333333333333
modern_reggae,modern reggae,1,modern_reggae,72.0,0.562,0.8,0.0,0.199,0.112,-5.404,95.029,0.471
bedroom_pop,bedroom pop,6,bedroom_pop,80.66666666666667,0.6653333333333332,0.5398333333333334,0.031579949999999996,0.2778333333333333,0.053366666666666666,-9.078166666666666,133.33383333333333,0.4663333333333333
norwegian_indie,norwegian indie,1,norwegian_indie,90.0,0.566,0.366,0.181,0.155,0.028,-12.808,129.96,0.237
classic_texas_country,classic texas country,1,classic_texas_country,81.0,0.753,0.657,0.0,0.112,0.0449,-3.061,107.01,0.437
reggaeton_flow,reggaeton flow,7,reggaeton_flow,76.57142857142857,0.8152857142857144,0.756142857142857,0.0012655142857142857,0.1363285714285714,0.1001,-4.061142857142857,105.78928571428571,0.6367142857142857
indie_anthem-folk,indie anthem-folk,1,indie_anthem-folk,74.0,0.586,0.624,1.78e-06,0.133,0.113,-5.946,68.976,0.267
tennessee_hip_hop,tennessee hip hop,1,tennessee_hip_hop,74.0,0.918,0.58,6.12e-05,0.106,0.322,-7.501,139.977,0.611
indie_soul,indie soul,3,indie_soul,31.666666666666668,0.6463333333333333,0.6396666666666667,0.0,0.13023333333333334,0.12016666666666666,-7.112333333333335,132.416,0.5976666666666667
funk_carioca,funk carioca,1,funk_carioca,72.0,0.722,0.738,1.47e-05,0.198,0.247,-6.073,198.075,0.748
funk_das_antigas,funk das antigas,1,funk_das_antigas,72.0,0.722,0.738,1.47e-05,0.198,0.247,-6.073,198.075,0.748
funk_ostentacao,funk ostentacao,1,funk_ostentacao,72.0,0.722,0.738,1.47e-05,0.198,0.247,-6.073,198.075,0.748
funk_pop,funk pop,2,funk_pop,65.0,0.707,0.6885,7.35e-06,0.1985,0.1411,-6.395,169.067,0.7404999999999999
outlaw_country,outlaw country,1,outlaw_country,72.0,0.707,0.632,1.09e-05,0.0841,0.0789,-7.031,97.04,0.372
canadian_electronic,canadian electronic,1,canadian_electronic,72.0,0.747,0.834,0.0,0.0586,0.045,-2.867,128.005,0.687
country_rock,country rock,1,country_rock,78.0,0.878,0.619,0.0,0.113,0.102,-5.56,136.041,0.639
dark_clubbing,dark clubbing,1,dark_clubbing,84.0,0.658,0.671,0.000927,0.115,0.0363,-12.21,100.966,0.166
brooklyn_drill,brooklyn drill,3,brooklyn_drill,53.666666666666664,0.7543333333333333,0.5263333333333334,9.966666666666667e-07,0.11293333333333333,0.30096666666666666,-7.752333333333333,118.99266666666665,0.341
azontobeats,azontobeats,1,azontobeats,79.0,0.812,0.496,0.0,0.0955,0.297,-5.969,109.979,0.55
k-pop,k-pop,12,k-pop,62.0,0.6928333333333333,0.7186666666666666,0.0001895225,0.17170833333333332,0.09241666666666666,-5.499583333333334,126.7075,0.6134166666666666
k-pop_boy_group,k-pop boy group,6,k-pop_boy_group,41.666666666666664,0.6976666666666667,0.7155,0.0,0.16796666666666668,0.07680000000000001,-5.081333333333333,114.65749999999998,0.6768333333333333
pop_reggaeton,pop reggaeton,5,pop_reggaeton,82.6,0.7858,0.6816,0.00012762399999999998,0.13304,0.18862,-4.8652,133.2384,0.47780000000000006
trap_boricua,trap boricua,2,trap_boricua,75.0,0.7965,0.8055000000000001,0.004409499999999999,0.1091,0.1071,-3.929,98.507,0.6575
minnesota_hip_hop,minnesota hip hop,3,minnesota_hip_hop,71.33333333333333,0.7413333333333334,0.758,0.0,0.3276666666666666,0.09649999999999999,-3.9166666666666665,124.35366666666665,0.518
k-pop_girl_group,k-pop girl group,3,k-pop_girl_group,81.33333333333333,0.7833333333333333,0.7326666666666667,0.0007390733333333334,0.22666666666666666,0.08913333333333333,-5.877666666666667,126.283,0.7033333333333333
alternative_pop_rock,alternative pop rock,1,alternative_pop_rock,75.0,0.815,0.518,0.0,0.104,0.0897,-6.594,151.891,0.877
argentine_hip_hop,argentine hip hop,3,argentine_hip_hop,82.0,0.722,0.7076666666666668,0.011000000000000001,0.132,0.1431,-5.206,140.71,0.5893333333333334
trap_argentino,trap argentino,3,trap_argentino,82.0,0.722,0.7076666666666668,0.011000000000000001,0.132,0.1431,-5.206,140.71,0.5893333333333334
black_americana,black americana,1,black_americana,73.0,0.659,0.625,0.0,0.582,0.045,-2.253,88.042,0.442
panamanian_pop,panamanian pop,1,panamanian_pop,72.0,0.746,0.7,0.000159,0.11,0.341,-4.669,176.044,0.619
ukg_revival,ukg revival,1,ukg_revival,70.0,0.902,0.839,0.0,0.102,0.208,-9.447,133.989,0.727
sad_lo-fi,sad lo-fi,1,sad_lo-fi,83.0,0.726,0.431,0.0,0.696,0.135,-8.765,144.026,0.348
sad_rap,sad rap,1,sad_rap,83.0,0.726,0.431,0.0,0.696,0.135,-8.765,144.026,0.348
bubblegrunge,bubblegrunge,1,bubblegrunge,83.0,0.726,0.431,0.0,0.696,0.135,-8.765,144.026,0.348
rhode_island_rap,rhode island rap,1,rhode_island_rap,78.0,0.621,0.601,0.0,0.46,0.148,-5.616,116.735,0.457
rap_conscient,rap conscient,1,rap_conscient,76.0,0.774,0.554,0.0,0.132,0.0383,-7.909,99.034,0.349
bedroom_soul,bedroom soul,2,bedroom_soul,76.0,0.821,0.5125,9.65e-05,0.07985,0.03765,-6.957,103.499,0.5685
social_media_pop,social media pop,1,social_media_pop,77.0,0.674,0.774,0.00188,0.393,0.0892,-7.567,112.05,0.33
indie_rock_italiano,indie rock italiano,2,indie_rock_italiano,84.0,0.732,0.704,0.0,0.26849999999999996,0.04455,-4.4079999999999995,133.2545,0.7735
italian_pop,italian pop,2,italian_pop,84.0,0.732,0.704,0.0,0.26849999999999996,0.04455,-4.4079999999999995,133.2545,0.7735
shiver_pop,shiver pop,1,shiver_pop,90.0,0.761,0.525,6.7e-06,0.0921,0.0944,-6.9,80.87,0.531
afro_r&b,afro r&b,1,afro_r&b,81.0,0.727,0.739,0.00137,0.161,0.0411,-3.805,93.005,0.533
modern_alternative_pop,modern alternative pop,2,modern_alternative_pop,75.5,0.8140000000000001,0.4665,0.00010535,0.21605,0.0333,-7.692,98.963,0.6325000000000001
r&b_en_espanol,r&b en espanol,1,r&b_en_espanol,80.0,0.856,0.618,0.0,0.0866,0.286,-4.892,81.993,0.391
funk_rj,funk rj,1,funk_rj,58.0,0.692,0.639,0.0,0.199,0.0352,-6.717,140.059,0.733
pagode_baiano,pagode baiano,1,pagode_baiano,58.0,0.692,0.639,0.0,0.199,0.0352,-6.717,140.059,0.733
corrido,corrido,3,corrido,80.33333333333333,0.7413333333333334,0.7713333333333333,6.560000000000001e-05,0.16023333333333334,0.06139999999999999,-6.057666666666667,140.74733333333333,0.8376666666666667
corridos_tumbados,corridos tumbados,4,corridos_tumbados,82.75,0.7590000000000001,0.69825,4.9502499999999996e-05,0.139075,0.1293,-5.96275,148.041,0.768
sad_sierreno,sad sierreno,4,sad_sierreno,82.75,0.7590000000000001,0.69825,4.9502499999999996e-05,0.139075,0.1293,-5.96275,148.041,0.768
sierreno,sierreno,3,sierreno,80.33333333333333,0.7413333333333334,0.7713333333333333,6.560000000000001e-05,0.16023333333333334,0.06139999999999999,-6.057666666666667,140.74733333333333,0.8376666666666667
pop_venezolano,pop venezolano,2,pop_venezolano,86.5,0.6995,0.7070000000000001,0.0165,0.16075,0.04665,-5.574,125.0685,0.524
musica_chihuahuense,musica chihuahuense,1,musica_chihuahuense,85.0,0.571,0.72,0.0,0.271,0.0458,-4.089,83.827,0.542
transpop,transpop,1,transpop,80.0,0.712,0.463,2.96e-06,0.301,0.0797,-7.399,131.199,0.206
bronx_drill,bronx drill,1,bronx_drill,70.0,0.696,0.809,0.000128,0.248,0.05,-8.254,132.962,0.857
gen_z_singer-songwriter,gen z singer-songwriter,2,gen_z_singer-songwriter,91.5,0.5295000000000001,0.49,0.0002205,0.14750000000000002,0.03105,-7.407,115.64,0.333
bedroom_r&b,bedroom r&b,2,bedroom_r&b,89.5,0.571,0.501,0.00407135,0.2225,0.02785,-9.948,132.0385,0.2575
modern_indie_pop,modern indie pop,1,modern_indie_pop,85.0,0.515,0.593,0.162,0.25,0.0322,-4.801,94.467,0.153
rap_canario,rap canario,1,rap_canario,88.0,0.621,0.782,0.033,0.23,0.044,-5.548,128.033,0.55
musica_mexicana,musica mexicana,2,musica_mexicana,78.5,0.778,0.778,8.895e-05,0.1985,0.0755,-6.4985,137.12650000000002,0.8395
